threads,mean_time,speedup
1,124.74333333333333,1.0
2,50.906666666666666,2.450432163436354
4,48.06666666666667,2.5952149791955614
8,47.733333333333334,2.6133379888268156
