cores,tiempo_segundos
1,12.153997421264648
1,11.365318298339844
2,7.745156526565552
4,7.575693368911743
8,7.678455591201782
